frame_idx,model_label,preprocess_ms,inference_ms,postprocess_ms,total_ms,detections,confidence_mean,gpu_mem_mb,cpu_percent
0,yolo26n,1.242,59.256,0.203,60.977,9,0.5857,0.0,26.0
1,yolo26n,2.607,49.926,0.215,53.251,9,0.5874,0.0,54.5
2,yolo26n,1.673,51.123,0.211,53.292,10,0.5435,0.0,55.8
3,yolo26n,1.35,49.98,0.202,51.764,9,0.5723,0.0,52.4
4,yolo26n,1.464,59.454,0.235,61.409,8,0.6131,0.0,53.1
5,yolo26n,1.363,48.516,0.201,50.295,8,0.6142,0.0,52.4
6,yolo26n,1.316,47.464,0.2,49.199,7,0.6605,0.0,51.3
7,yolo26n,1.308,48.948,0.211,50.678,7,0.6622,0.0,52.4
8,yolo26n,1.371,48.933,0.251,50.775,8,0.5972,0.0,51.2
9,yolo26n,1.795,59.61,0.217,61.946,9,0.5703,0.0,64.0
10,yolo26n,1.426,49.182,0.202,51.046,8,0.6222,0.0,53.7
11,yolo26n,1.394,47.761,0.2,49.588,8,0.621,0.0,51.2
12,yolo26n,1.336,47.658,0.203,49.417,8,0.6198,0.0,50.0
13,yolo26n,1.537,58.266,0.223,60.276,8,0.6252,0.0,55.1
14,yolo26n,1.547,61.716,0.207,63.738,8,0.6349,0.0,53.8
15,yolo26n,1.623,55.793,0.203,57.871,8,0.6323,0.0,53.3
16,yolo26n,1.396,50.372,0.204,52.213,8,0.6297,0.0,54.5
17,yolo26n,1.326,48.536,0.25,50.338,8,0.6419,0.0,53.7
18,yolo26n,1.551,48.149,0.205,50.134,9,0.6006,0.0,50.0
19,yolo26n,1.385,49.691,0.21,51.503,9,0.5916,0.0,53.5
20,yolo26n,1.297,50.946,0.206,52.687,9,0.5893,0.0,53.7
21,yolo26n,1.399,50.122,0.218,51.982,9,0.5985,0.0,55.8
22,yolo26n,1.384,57.189,0.218,59.055,9,0.6164,0.0,52.1
23,yolo26n,1.396,53.225,0.228,55.112,9,0.6267,0.0,50.0
24,yolo26n,1.424,48.606,0.2,50.479,9,0.6298,0.0,52.4
25,yolo26n,1.357,48.059,0.205,49.835,8,0.6705,0.0,52.5
26,yolo26n,1.427,50.303,0.207,52.157,8,0.6696,0.0,52.4
27,yolo26n,1.407,48.595,0.204,50.433,8,0.6729,0.0,50.0
28,yolo26n,1.357,48.195,0.202,49.96,8,0.664,0.0,51.2
29,yolo26n,1.361,49.249,0.232,51.048,8,0.6652,0.0,52.4
30,yolo26n,1.299,50.412,0.207,52.129,10,0.5832,0.0,53.7
31,yolo26n,1.425,49.311,0.203,51.149,10,0.5753,0.0,52.4
32,yolo26n,1.393,53.311,0.227,55.188,9,0.6174,0.0,51.1
33,yolo26n,1.807,52.92,0.234,55.26,8,0.6691,0.0,55.6
34,yolo26n,1.532,59.506,0.204,61.542,8,0.6741,0.0,66.0
35,yolo26n,1.316,49.42,0.218,51.16,8,0.6687,0.0,51.2
36,yolo26n,1.327,48.325,0.223,50.107,8,0.6691,0.0,52.4
37,yolo26n,1.354,49.271,0.229,51.075,8,0.6675,0.0,51.2
38,yolo26n,1.555,48.405,0.212,50.397,8,0.6569,0.0,53.7
39,yolo26n,1.299,56.532,0.243,58.303,9,0.6083,0.0,62.5
40,yolo26n,1.29,49.537,0.262,51.317,10,0.5532,0.0,52.5
41,yolo26n,1.729,48.469,0.257,50.753,9,0.5886,0.0,52.4
42,yolo26n,1.389,48.042,0.203,49.858,9,0.5825,0.0,51.2
43,yolo26n,1.378,48.889,0.2,50.687,9,0.5783,0.0,52.5
44,yolo26n,1.33,48.076,0.206,49.846,9,0.5751,0.0,51.2
45,yolo26n,1.405,59.249,0.289,61.182,9,0.5639,0.0,52.0
46,yolo26n,1.491,59.177,0.237,61.187,9,0.565,0.0,51.0
47,yolo26n,1.381,48.393,0.199,50.194,9,0.5813,0.0,51.2
48,yolo26n,1.295,48.971,0.204,50.688,9,0.5863,0.0,51.2
49,yolo26n,1.937,48.645,0.208,51.05,10,0.5635,0.0,52.4
50,yolo26n,1.317,48.818,0.218,50.571,10,0.5472,0.0,52.4
51,yolo26n,1.937,48.355,0.206,50.836,9,0.5783,0.0,52.4
52,yolo26n,1.422,53.994,0.204,55.838,8,0.612,0.0,51.1
53,yolo26n,1.341,49.061,0.203,50.833,7,0.668,0.0,53.5
54,yolo26n,1.736,48.069,0.198,50.258,8,0.6108,0.0,51.3
55,yolo26n,1.437,48.902,0.205,50.795,8,0.6057,0.0,53.5
56,yolo26n,1.349,48.833,0.204,50.6,9,0.5652,0.0,51.2
57,yolo26n,1.673,52.43,0.221,54.598,9,0.5755,0.0,54.5
58,yolo26n,1.326,49.049,0.244,50.84,8,0.6035,0.0,53.7
59,yolo26n,1.388,49.537,0.206,51.351,8,0.6071,0.0,52.4
60,yolo26n,1.335,50.614,0.204,52.392,8,0.6225,0.0,52.4
61,yolo26n,1.387,48.325,0.23,50.166,8,0.6249,0.0,52.4
62,yolo26n,1.916,48.249,0.202,50.673,9,0.6027,0.0,51.2
63,yolo26n,1.306,48.48,0.203,50.197,9,0.6219,0.0,50.0
64,yolo26n,1.29,49.24,0.204,50.956,9,0.6164,0.0,52.4
65,yolo26n,1.658,48.51,0.202,50.637,8,0.65,0.0,52.5
66,yolo26n,1.348,49.41,0.204,51.184,10,0.5576,0.0,51.2
67,yolo26n,1.321,48.816,0.228,50.575,8,0.6624,0.0,52.4
68,yolo26n,1.359,48.215,0.216,50.022,9,0.6084,0.0,51.2
69,yolo26n,1.317,49.005,0.202,50.734,9,0.6114,0.0,52.4
70,yolo26n,1.695,48.457,0.2,50.643,8,0.6365,0.0,51.2
71,yolo26n,1.338,49.542,0.21,51.321,9,0.6217,0.0,52.4
72,yolo26n,1.485,49.156,0.213,51.107,9,0.611,0.0,53.7
73,yolo26n,1.67,49.081,0.206,51.221,8,0.6481,0.0,51.2
74,yolo26n,1.344,48.692,0.212,50.461,8,0.6494,0.0,51.2
75,yolo26n,1.316,49.402,0.206,51.142,8,0.655,0.0,52.4
76,yolo26n,1.335,49.079,0.205,50.833,8,0.6714,0.0,52.4
77,yolo26n,1.547,50.512,0.219,52.571,8,0.6726,0.0,54.8
78,yolo26n,1.702,51.175,0.203,53.358,8,0.6702,0.0,54.5
79,yolo26n,1.419,49.057,0.212,50.906,8,0.6607,0.0,51.2
80,yolo26n,1.327,49.846,0.206,51.597,9,0.6186,0.0,52.4
81,yolo26n,1.687,49.163,0.212,51.319,8,0.6697,0.0,51.2
82,yolo26n,1.359,48.716,0.205,50.497,8,0.6631,0.0,52.4
83,yolo26n,1.346,50.885,0.223,52.685,8,0.6477,0.0,53.5
84,yolo26n,1.32,48.57,0.204,50.31,8,0.6159,0.0,50.0
85,yolo26n,1.351,49.517,0.207,51.281,8,0.6405,0.0,52.4
86,yolo26n,1.315,48.589,0.232,50.348,7,0.667,0.0,52.4
87,yolo26n,1.331,49.481,0.21,51.23,7,0.6991,0.0,51.2
88,yolo26n,1.314,48.775,0.204,50.509,7,0.6967,0.0,51.2
89,yolo26n,1.687,49.269,0.2,51.415,7,0.7035,0.0,53.5
90,yolo26n,1.293,49.119,0.206,50.833,7,0.7107,0.0,50.0
91,yolo26n,1.37,49.454,0.216,51.272,7,0.7163,0.0,52.4
92,yolo26n,1.489,52.744,0.22,54.733,7,0.7158,0.0,56.8
93,yolo26n,1.318,48.889,0.202,50.636,7,0.7256,0.0,51.2
94,yolo26n,1.353,49.603,0.204,51.373,7,0.7233,0.0,52.4
95,yolo26n,1.489,49.747,0.214,51.696,7,0.7251,0.0,52.4
96,yolo26n,1.353,50.777,0.202,52.563,8,0.6535,0.0,53.5
97,yolo26n,1.936,50.898,0.205,53.316,9,0.5936,0.0,54.8
98,yolo26n,1.406,48.607,0.228,50.484,9,0.5917,0.0,51.2
99,yolo26n,1.383,49.494,0.204,51.307,7,0.6404,0.0,52.4
100,yolo26n,1.304,48.521,0.202,50.244,7,0.6336,0.0,51.2
101,yolo26n,1.664,51.195,0.207,53.412,7,0.6144,0.0,55.6
102,yolo26n,1.326,48.619,0.205,50.366,7,0.6033,0.0,50.0
103,yolo26n,1.326,49.337,0.238,51.154,7,0.6262,0.0,51.2
104,yolo26n,1.301,48.451,0.201,50.182,7,0.6422,0.0,52.4
105,yolo26n,1.738,49.228,0.209,51.434,6,0.6101,0.0,52.4
106,yolo26n,1.38,50.112,0.215,51.926,8,0.5631,0.0,54.8
107,yolo26n,1.366,52.991,0.234,54.801,10,0.4668,0.0,53.5
108,yolo26n,1.357,48.899,0.216,50.698,7,0.5152,0.0,51.2
109,yolo26n,1.333,48.895,0.209,50.645,7,0.5225,0.0,52.4
110,yolo26n,1.338,49.559,0.213,51.319,6,0.5561,0.0,52.4
111,yolo26n,1.31,50.991,0.207,52.723,7,0.5248,0.0,52.4
112,yolo26n,1.457,64.36,0.327,66.382,5,0.5986,0.0,64.2
113,yolo26n,1.809,48.709,0.201,51.025,6,0.5543,0.0,52.4
114,yolo26n,1.333,50.517,0.239,52.318,6,0.5305,0.0,53.5
115,yolo26n,1.769,49.639,0.349,52.079,7,0.4851,0.0,52.4
116,yolo26n,1.363,49.173,0.205,50.991,6,0.4796,0.0,51.2
117,yolo26n,1.331,49.852,0.218,51.624,7,0.4818,0.0,54.8
118,yolo26n,1.357,48.971,0.223,50.766,8,0.4423,0.0,48.8
119,yolo26n,1.378,49.734,0.209,51.534,6,0.4809,0.0,53.7
120,yolo26n,1.315,48.982,0.211,50.738,5,0.5853,0.0,51.2
121,yolo26n,1.701,49.51,0.2,51.675,5,0.6038,0.0,52.4
122,yolo26n,1.312,49.203,0.202,50.934,5,0.6469,0.0,51.2
123,yolo26n,1.679,48.755,0.228,50.936,5,0.6057,0.0,51.2
124,yolo26n,1.302,48.925,0.202,50.66,6,0.6232,0.0,51.2
125,yolo26n,1.346,48.608,0.219,50.382,5,0.6486,0.0,51.2
126,yolo26n,1.316,49.077,0.204,50.813,6,0.6209,0.0,52.4
127,yolo26n,1.338,48.77,0.204,50.522,5,0.675,0.0,52.4
128,yolo26n,1.322,48.996,0.214,50.768,7,0.554,0.0,50.0
129,yolo26n,1.736,50.499,0.207,52.717,7,0.541,0.0,53.5
130,yolo26n,1.313,48.931,0.269,50.754,7,0.5299,0.0,52.4
131,yolo26n,1.752,49.121,0.205,51.36,9,0.5134,0.0,52.4
132,yolo26n,1.303,50.479,0.221,52.239,10,0.5196,0.0,53.7
133,yolo26n,1.518,54.411,0.232,56.385,9,0.5495,0.0,52.2
134,yolo26n,1.424,49.383,0.229,51.272,9,0.5444,0.0,52.4
135,yolo26n,1.325,49.136,0.204,50.879,8,0.5912,0.0,53.7
136,yolo26n,1.335,49.073,0.216,50.839,8,0.5936,0.0,51.2
137,yolo26n,1.522,54.552,0.204,56.537,8,0.5834,0.0,51.1
138,yolo26n,1.379,48.145,0.214,49.961,8,0.5806,0.0,51.2
139,yolo26n,1.338,47.556,0.212,49.333,9,0.5312,0.0,52.4
140,yolo26n,1.343,48.134,0.206,49.914,10,0.5036,0.0,52.5
141,yolo26n,1.657,47.489,0.205,49.63,9,0.5804,0.0,50.0
142,yolo26n,1.363,50.824,0.214,52.616,9,0.5892,0.0,55.8
143,yolo26n,1.331,48.389,0.221,50.156,9,0.5783,0.0,50.0
144,yolo26n,1.318,47.756,0.201,49.493,9,0.5887,0.0,51.3
145,yolo26n,1.335,48.123,0.207,49.875,9,0.5933,0.0,52.4
146,yolo26n,1.321,47.692,0.211,49.453,10,0.6027,0.0,52.5
147,yolo26n,1.365,48.475,0.219,50.27,9,0.5971,0.0,51.2
148,yolo26n,1.327,48.353,0.203,50.135,9,0.5776,0.0,51.2
149,yolo26n,1.667,48.623,0.208,50.757,11,0.5136,0.0,52.4
150,yolo26n,1.362,49.008,0.201,50.791,12,0.5135,0.0,51.2
151,yolo26n,1.641,50.866,0.234,53.019,11,0.5442,0.0,53.5
152,yolo26n,1.387,49.047,0.214,50.922,10,0.5445,0.0,53.7
153,yolo26n,1.376,50.248,0.219,52.062,9,0.5657,0.0,52.4
154,yolo26n,1.33,49.993,0.204,51.739,9,0.5764,0.0,54.8
155,yolo26n,1.334,49.404,0.215,51.176,9,0.5795,0.0,53.7
156,yolo26n,1.329,48.317,0.219,50.08,10,0.53,0.0,52.4
157,yolo26n,1.688,48.953,0.202,51.107,9,0.5299,0.0,52.4
158,yolo26n,1.362,48.246,0.27,50.102,9,0.5362,0.0,50.0
159,yolo26n,1.44,58.893,0.273,60.839,7,0.6115,0.0,52.0
160,yolo26n,1.565,51.092,0.216,53.139,8,0.5802,0.0,51.2
161,yolo26n,1.703,49.394,0.211,51.592,9,0.5443,0.0,51.2
162,yolo26n,1.306,49.326,0.203,51.043,10,0.5107,0.0,53.5
163,yolo26n,1.66,48.679,0.204,50.8,10,0.4674,0.0,51.3
164,yolo26n,1.501,48.846,0.221,50.787,9,0.5347,0.0,52.4
165,yolo26n,1.364,48.789,0.214,50.582,10,0.5138,0.0,51.2
166,yolo26n,1.65,48.724,0.202,50.841,10,0.5289,0.0,52.4
167,yolo26n,1.406,48.881,0.208,50.755,10,0.4985,0.0,51.2
168,yolo26n,1.321,49.338,0.204,51.076,9,0.5596,0.0,52.4
169,yolo26n,1.687,49.211,0.203,51.357,10,0.5399,0.0,51.2
170,yolo26n,1.374,48.006,0.212,49.812,11,0.5074,0.0,52.4
171,yolo26n,1.686,53.809,0.22,55.977,9,0.5767,0.0,57.8
172,yolo26n,1.32,50.811,0.202,52.551,8,0.591,0.0,52.4
173,yolo26n,1.327,50.486,0.199,52.218,7,0.5992,0.0,55.8
174,yolo26n,1.555,55.626,0.203,57.642,9,0.5285,0.0,51.1
175,yolo26n,1.334,48.078,0.206,49.846,8,0.6223,0.0,51.3
176,yolo26n,1.661,47.63,0.209,49.767,7,0.6645,0.0,52.4
177,yolo26n,1.36,48.233,0.247,50.06,8,0.6096,0.0,52.5
178,yolo26n,1.355,47.78,0.201,49.56,7,0.6727,0.0,50.0
179,yolo26n,1.341,48.379,0.204,50.144,6,0.7148,0.0,51.2
180,yolo26n,1.324,49.381,0.208,51.156,6,0.7111,0.0,52.4
181,yolo26n,1.687,48.284,0.212,50.442,6,0.6637,0.0,52.5
182,yolo26n,1.321,49.145,0.229,50.912,5,0.7185,0.0,52.4
183,yolo26n,1.398,48.4,0.237,50.25,7,0.5859,0.0,51.2
184,yolo26n,1.714,48.024,0.212,50.24,8,0.5841,0.0,51.2
185,yolo26n,1.374,49.254,0.215,51.055,8,0.5649,0.0,53.7
186,yolo26n,1.303,48.45,0.205,50.194,8,0.5698,0.0,50.0
187,yolo26n,1.344,49.002,0.201,50.755,10,0.5375,0.0,52.4
188,yolo26n,1.39,48.203,0.202,50.084,8,0.6323,0.0,52.4
189,yolo26n,1.68,49.325,0.199,51.467,7,0.6872,0.0,53.7
190,yolo26n,1.367,51.397,0.359,53.371,8,0.6291,0.0,54.5
191,yolo26n,1.513,62.332,0.201,64.279,10,0.5735,0.0,65.4
192,yolo26n,1.641,48.9,0.21,51.017,9,0.5915,0.0,52.4
193,yolo26n,1.369,48.756,0.234,50.569,9,0.5799,0.0,52.5
194,yolo26n,1.379,48.983,0.226,50.809,11,0.5188,0.0,52.4
195,yolo26n,1.377,48.47,0.208,50.28,10,0.5323,0.0,50.0
196,yolo26n,1.329,49.075,0.207,50.832,9,0.5899,0.0,52.4
197,yolo26n,1.607,54.309,0.202,56.359,10,0.5507,0.0,51.1
198,yolo26n,1.372,48.822,0.203,50.613,10,0.5563,0.0,51.2
199,yolo26n,1.293,48.46,0.215,50.186,10,0.5592,0.0,51.2
200,yolo26n,1.739,48.256,0.204,50.483,11,0.538,0.0,51.2
201,yolo26n,1.672,51.782,0.206,53.914,12,0.51,0.0,54.5
202,yolo26n,1.306,50.81,0.232,52.578,12,0.4958,0.0,55.8
203,yolo26n,1.378,48.568,0.232,50.403,11,0.523,0.0,51.2
204,yolo26n,1.327,48.636,0.221,50.426,11,0.5038,0.0,51.2
205,yolo26n,1.608,55.581,0.204,57.639,9,0.5568,0.0,52.2
206,yolo26n,1.323,51.242,0.204,52.997,10,0.5185,0.0,54.5
207,yolo26n,1.339,49.653,0.218,51.458,11,0.5017,0.0,52.4
208,yolo26n,1.572,58.972,0.211,61.008,9,0.5515,0.0,51.0
209,yolo26n,1.365,52.52,0.243,54.366,10,0.5278,0.0,57.8
210,yolo26n,1.553,59.793,0.222,61.854,9,0.5604,0.0,54.9
211,yolo26n,1.52,53.922,0.205,55.888,9,0.5576,0.0,51.1
212,yolo26n,1.328,48.978,0.205,50.727,9,0.55,0.0,51.2
213,yolo26n,1.753,48.389,0.232,50.629,10,0.5208,0.0,51.2
214,yolo26n,1.355,50.538,0.225,52.34,9,0.5675,0.0,53.5
215,yolo26n,1.358,48.76,0.2,50.536,9,0.5613,0.0,51.2
216,yolo26n,1.513,54.218,0.205,56.201,9,0.5747,0.0,51.1
217,yolo26n,1.319,48.439,0.227,50.191,10,0.5524,0.0,51.2
218,yolo26n,1.32,50.882,0.227,52.645,10,0.5274,0.0,54.8
219,yolo26n,1.726,48.669,0.236,50.911,10,0.549,0.0,53.7
220,yolo26n,1.314,48.281,0.212,50.019,10,0.5586,0.0,51.2
221,yolo26n,1.594,54.079,0.204,56.124,11,0.535,0.0,51.1
222,yolo26n,1.309,48.266,0.208,50.005,10,0.5708,0.0,51.2
223,yolo26n,1.3,49.008,0.203,50.736,9,0.5932,0.0,51.2
224,yolo26n,1.665,48.805,0.204,50.93,9,0.5699,0.0,52.4
225,yolo26n,1.388,48.436,0.204,50.257,9,0.5581,0.0,51.2
226,yolo26n,1.441,57.221,0.203,59.093,9,0.5745,0.0,52.1
227,yolo26n,1.342,48.544,0.216,50.309,9,0.6035,0.0,51.2
228,yolo26n,1.429,54.991,0.231,56.931,9,0.6047,0.0,63.0
229,yolo26n,2.013,49.756,0.202,52.307,10,0.5815,0.0,52.4
230,yolo26n,2.03,49.675,0.205,52.159,10,0.5671,0.0,53.5
231,yolo26n,1.302,49.522,0.245,51.305,9,0.5838,0.0,52.4
232,yolo26n,1.597,55.252,0.205,57.31,9,0.5779,0.0,50.0
233,yolo26n,1.603,48.036,0.205,50.093,9,0.5578,0.0,52.5
234,yolo26n,1.312,48.106,0.204,49.858,9,0.5526,0.0,52.4
235,yolo26n,1.367,49.206,0.204,50.987,9,0.5486,0.0,51.2
236,yolo26n,1.316,48.549,0.205,50.281,9,0.5539,0.0,51.2
237,yolo26n,1.645,49.416,0.215,51.533,9,0.5615,0.0,53.5
238,yolo26n,1.339,48.723,0.204,50.489,9,0.5586,0.0,50.0
239,yolo26n,1.341,48.384,0.204,50.14,10,0.5342,0.0,52.4
240,yolo26n,1.655,49.77,0.207,51.902,12,0.498,0.0,52.4
241,yolo26n,1.344,49.408,0.206,51.181,10,0.5451,0.0,51.2
242,yolo26n,1.313,50.206,0.206,51.94,10,0.549,0.0,53.5
243,yolo26n,1.332,48.734,0.211,50.507,10,0.5616,0.0,51.2
244,yolo26n,1.355,49.248,0.215,51.043,10,0.5427,0.0,52.5
245,yolo26n,1.648,48.612,0.23,50.746,10,0.5471,0.0,51.2
246,yolo26n,1.346,49.769,0.207,51.55,10,0.5541,0.0,53.5
247,yolo26n,1.337,52.955,0.218,54.725,10,0.5686,0.0,54.5
248,yolo26n,1.519,62.227,0.22,64.236,10,0.559,0.0,55.8
249,yolo26n,1.375,48.983,0.228,50.811,9,0.5863,0.0,52.4
250,yolo26n,1.412,49.316,0.204,51.157,9,0.5615,0.0,52.5
251,yolo26n,1.61,51.863,0.206,53.982,9,0.5799,0.0,53.5
252,yolo26n,1.331,49.395,0.213,51.173,9,0.5862,0.0,51.1
253,yolo26n,1.694,49.39,0.203,51.552,8,0.6098,0.0,51.2
254,yolo26n,1.415,48.619,0.234,50.482,9,0.5718,0.0,52.4
255,yolo26n,1.382,48.422,0.208,50.234,8,0.6188,0.0,51.2
256,yolo26n,1.879,48.926,0.202,51.261,7,0.6665,0.0,53.7
257,yolo26n,1.336,49.272,0.204,51.034,8,0.6267,0.0,52.4
258,yolo26n,1.319,49.087,0.242,50.879,7,0.6717,0.0,51.2
259,yolo26n,1.343,48.756,0.216,50.539,8,0.6582,0.0,51.2
260,yolo26n,1.379,49.325,0.216,51.151,8,0.6509,0.0,53.5
261,yolo26n,1.544,58.086,0.215,60.088,8,0.6457,0.0,53.2
262,yolo26n,1.336,48.311,0.205,50.07,8,0.6416,0.0,51.2
263,yolo26n,1.311,49.029,0.223,50.772,8,0.635,0.0,51.2
264,yolo26n,1.547,54.578,0.199,56.577,10,0.556,0.0,52.2
265,yolo26n,1.392,50.713,0.217,52.56,10,0.5608,0.0,53.5
266,yolo26n,1.454,51.549,0.204,53.425,8,0.6384,0.0,53.5
267,yolo26n,1.919,61.799,0.256,64.216,9,0.5973,0.0,63.5
268,yolo26n,1.761,53.218,0.23,55.49,9,0.5966,0.0,57.8
269,yolo26n,1.703,49.41,0.204,51.582,10,0.5536,0.0,51.2
270,yolo26n,1.419,49.347,0.218,51.199,9,0.5878,0.0,52.4
271,yolo26n,1.34,48.26,0.205,50.018,9,0.5217,0.0,51.2
272,yolo26n,1.656,49.015,0.203,51.136,10,0.5381,0.0,51.2
273,yolo26n,1.338,48.56,0.207,50.33,9,0.5735,0.0,51.2
274,yolo26n,1.332,48.52,0.208,50.274,9,0.6505,0.0,50.0
275,yolo26n,1.304,49.637,0.208,51.378,9,0.6559,0.0,52.4
276,yolo26n,1.376,48.49,0.214,50.31,9,0.6613,0.0,50.0
277,yolo26n,1.7,48.57,0.204,50.734,9,0.662,0.0,52.4
278,yolo26n,1.338,48.478,0.216,50.256,9,0.6548,0.0,50.0
279,yolo26n,1.352,48.523,0.202,50.29,9,0.6533,0.0,51.2
280,yolo26n,1.662,49.014,0.205,51.142,10,0.6113,0.0,51.2
281,yolo26n,1.399,48.417,0.204,50.233,10,0.5999,0.0,51.2
282,yolo26n,1.35,48.366,0.205,50.132,10,0.6062,0.0,51.2
283,yolo26n,1.328,48.965,0.205,50.722,9,0.6093,0.0,50.0
284,yolo26n,1.476,53.716,0.247,55.689,8,0.6207,0.0,53.3
285,yolo26n,1.508,49.832,0.236,51.86,8,0.63,0.0,52.4
286,yolo26n,1.385,49.133,0.218,50.959,8,0.6152,0.0,51.2
287,yolo26n,1.476,54.916,0.208,56.827,10,0.5671,0.0,53.2
288,yolo26n,1.667,48.383,0.202,50.524,9,0.61,0.0,50.0
289,yolo26n,1.344,48.169,0.202,49.931,9,0.5982,0.0,51.2
290,yolo26n,1.297,48.128,0.212,49.847,9,0.6003,0.0,50.0
291,yolo26n,1.329,48.228,0.218,49.992,8,0.6248,0.0,51.2
292,yolo26n,1.347,51.324,0.206,53.097,9,0.5627,0.0,53.5
293,yolo26n,1.323,48.25,0.203,49.987,7,0.616,0.0,51.2
294,yolo26n,1.396,48.16,0.21,49.99,7,0.606,0.0,50.0
295,yolo26n,1.341,48.872,0.228,50.653,9,0.5329,0.0,52.4
296,yolo26n,1.678,50.657,0.229,52.844,9,0.5455,0.0,54.8
297,yolo26n,1.355,48.631,0.211,50.436,7,0.6104,0.0,50.0
298,yolo26n,1.322,49.61,0.204,51.354,6,0.6512,0.0,51.2
299,yolo26n,1.328,48.543,0.207,50.291,6,0.6467,0.0,52.4
300,yolo26n,1.371,48.533,0.205,50.331,10,0.4952,0.0,51.2
301,yolo26n,1.549,49.38,0.203,51.395,12,0.4781,0.0,52.4
302,yolo26n,1.415,48.207,0.222,50.069,9,0.5314,0.0,51.2
303,yolo26n,1.366,49.059,0.206,50.845,10,0.5151,0.0,51.2
304,yolo26n,1.633,51.171,0.212,53.291,9,0.5167,0.0,54.8
305,yolo26n,1.619,48.853,0.206,50.9,8,0.5698,0.0,51.2
306,yolo26n,1.279,48.664,0.204,50.365,8,0.5877,0.0,51.2
307,yolo26n,1.328,49.096,0.211,50.847,7,0.5789,0.0,52.4
308,yolo26n,1.303,49.011,0.227,50.754,7,0.5697,0.0,50.0
309,yolo26n,1.384,49.495,0.206,51.328,8,0.509,0.0,51.2
310,yolo26n,1.375,48.203,0.234,50.037,7,0.5928,0.0,51.2
311,yolo26n,1.359,48.881,0.203,50.658,7,0.6018,0.0,51.2
312,yolo26n,1.641,48.472,0.205,50.595,8,0.5415,0.0,51.2
313,yolo26n,1.318,48.663,0.206,50.392,9,0.5029,0.0,51.2
314,yolo26n,1.311,48.531,0.235,50.293,10,0.5087,0.0,51.2
315,yolo26n,1.359,48.459,0.203,50.236,12,0.4701,0.0,51.2
316,yolo26n,1.357,48.209,0.209,49.994,11,0.477,0.0,51.2
317,yolo26n,1.318,48.184,0.212,49.924,10,0.5571,0.0,51.2
318,yolo26n,1.314,48.818,0.202,50.545,10,0.5331,0.0,50.0
319,yolo26n,1.325,48.556,0.224,50.315,9,0.5458,0.0,51.2
320,yolo26n,1.467,55.627,0.203,57.546,11,0.4937,0.0,51.1
321,yolo26n,1.326,49.459,0.204,51.201,10,0.5279,0.0,51.2
322,yolo26n,1.411,48.642,0.204,50.464,11,0.5028,0.0,51.2
323,yolo26n,1.358,51.891,0.206,53.672,13,0.4586,0.0,55.6
324,yolo26n,1.286,51.066,0.204,52.77,13,0.4488,0.0,52.4
325,yolo26n,1.334,49.19,0.203,50.939,12,0.4601,0.0,52.5
326,yolo26n,1.345,53.101,0.203,54.865,12,0.4503,0.0,55.6
327,yolo26n,1.31,50.845,0.258,52.643,11,0.5358,0.0,56.8
328,yolo26n,1.846,58.59,0.202,60.938,11,0.5527,0.0,64.6
329,yolo26n,1.335,48.441,0.202,50.186,11,0.5267,0.0,51.2
330,yolo26n,1.288,48.553,0.202,50.277,10,0.5467,0.0,50.0
331,yolo26n,1.301,48.716,0.222,50.448,10,0.5566,0.0,52.4
332,yolo26n,1.34,49.64,0.2,51.411,10,0.5122,0.0,50.0
333,yolo26n,1.327,49.095,0.203,50.852,15,0.4509,0.0,52.4
334,yolo26n,1.327,48.426,0.239,50.213,10,0.555,0.0,50.0
335,yolo26n,1.402,48.84,0.216,50.712,11,0.5525,0.0,51.2
336,yolo26n,1.804,56.117,0.202,58.38,12,0.5647,0.0,55.3
337,yolo26n,1.373,49.287,0.199,51.079,12,0.573,0.0,52.4
338,yolo26n,1.333,48.911,0.206,50.681,13,0.5457,0.0,51.2
339,yolo26n,1.33,48.911,0.203,50.652,13,0.5013,0.0,51.2
340,yolo26n,1.346,48.476,0.208,50.248,11,0.5427,0.0,51.2
341,yolo26n,1.381,49.171,0.229,50.999,10,0.5756,0.0,51.2
342,yolo26n,1.384,51.051,0.205,52.856,13,0.4949,0.0,53.5
343,yolo26n,1.305,50.215,0.21,51.945,10,0.5782,0.0,52.4
344,yolo26n,1.69,48.699,0.207,50.876,9,0.602,0.0,51.2
345,yolo26n,1.331,54.082,0.342,56.025,9,0.608,0.0,56.5
346,yolo26n,1.513,58.413,0.216,60.394,7,0.6756,0.0,61.2
347,yolo26n,1.365,48.616,0.2,50.392,9,0.617,0.0,51.2
348,yolo26n,1.346,48.422,0.203,50.197,9,0.6162,0.0,50.0
349,yolo26n,1.431,49.084,0.219,50.961,9,0.5919,0.0,52.4
350,yolo26n,1.31,48.588,0.227,50.361,9,0.6018,0.0,51.2
351,yolo26n,1.935,51.138,0.202,53.59,10,0.5716,0.0,54.5
352,yolo26n,1.658,48.583,0.205,50.713,9,0.5834,0.0,51.2
353,yolo26n,1.318,48.674,0.205,50.419,10,0.5658,0.0,48.8
354,yolo26n,1.358,48.519,0.21,50.318,11,0.5462,0.0,52.4
355,yolo26n,1.313,49.719,0.2,51.439,11,0.5582,0.0,50.0
356,yolo26n,1.318,48.791,0.208,50.531,13,0.466,0.0,52.4
357,yolo26n,1.34,48.577,0.206,50.334,10,0.5645,0.0,51.2
358,yolo26n,1.337,48.529,0.218,50.321,11,0.5454,0.0,51.2
359,yolo26n,1.285,48.795,0.203,50.494,9,0.5936,0.0,52.4
360,yolo26n,1.665,49.224,0.206,51.365,8,0.6326,0.0,51.2
361,yolo26n,1.46,56.131,0.28,58.101,8,0.6287,0.0,55.3
362,yolo26n,1.918,51.093,0.206,53.537,9,0.5917,0.0,53.5
363,yolo26n,1.331,48.784,0.218,50.547,8,0.6496,0.0,52.5
364,yolo26n,1.477,55.37,0.212,57.316,8,0.6559,0.0,51.1
365,yolo26n,1.35,49.342,0.202,51.106,9,0.6119,0.0,52.4
366,yolo26n,1.423,48.682,0.208,50.564,8,0.6593,0.0,50.0
367,yolo26n,1.337,48.653,0.221,50.42,9,0.6113,0.0,50.0
368,yolo26n,1.731,48.627,0.214,50.84,9,0.6243,0.0,52.4
369,yolo26n,1.36,48.785,0.211,50.574,9,0.6312,0.0,51.2
370,yolo26n,1.404,57.293,0.288,59.265,9,0.6388,0.0,52.1
371,yolo26n,1.406,48.214,0.202,50.075,9,0.6552,0.0,51.2
372,yolo26n,1.49,52.7,0.22,54.646,9,0.6466,0.0,51.1
373,yolo26n,1.345,49.048,0.204,50.808,10,0.5995,0.0,51.2
374,yolo26n,1.333,48.405,0.211,50.173,10,0.5938,0.0,51.2
375,yolo26n,1.356,49.064,0.2,50.832,10,0.5958,0.0,51.2
376,yolo26n,1.452,53.03,0.204,54.94,10,0.5978,0.0,51.1
377,yolo26n,1.347,48.385,0.205,50.163,10,0.6048,0.0,51.2
378,yolo26n,1.701,48.019,0.222,50.23,11,0.5632,0.0,51.2
379,yolo26n,1.354,49.087,0.232,50.888,10,0.5909,0.0,52.5
380,yolo26n,1.413,49.81,0.201,51.653,11,0.571,0.0,53.5
381,yolo26n,1.696,49.1,0.203,51.262,10,0.6178,0.0,52.4
382,yolo26n,1.305,47.89,0.203,49.615,11,0.6189,0.0,52.5
383,yolo26n,1.344,49.017,0.206,50.8,11,0.6034,0.0,51.2
384,yolo26n,1.324,48.743,0.206,50.491,11,0.5974,0.0,51.2
385,yolo26n,1.329,48.522,0.207,50.267,11,0.6246,0.0,51.2
386,yolo26n,1.649,49.173,0.2,51.291,11,0.6203,0.0,52.4
387,yolo26n,1.37,48.548,0.208,50.334,11,0.6151,0.0,50.0
388,yolo26n,1.362,48.491,0.222,50.308,10,0.6428,0.0,50.0
389,yolo26n,1.73,48.194,0.202,50.392,10,0.6432,0.0,51.2
390,yolo26n,1.322,50.769,0.219,52.547,10,0.6504,0.0,55.8
391,yolo26n,1.347,48.459,0.231,50.257,10,0.6401,0.0,51.2
392,yolo26n,1.334,51.488,0.207,53.251,11,0.601,0.0,53.5
393,yolo26n,1.358,48.231,0.205,50.01,11,0.6095,0.0,51.2
394,yolo26n,1.48,54.978,0.205,56.912,11,0.6062,0.0,52.2
395,yolo26n,1.337,47.378,0.204,49.128,10,0.6337,0.0,50.0
396,yolo26n,1.322,47.662,0.222,49.431,10,0.6266,0.0,51.2
397,yolo26n,1.361,47.196,0.213,48.98,10,0.6311,0.0,51.3
398,yolo26n,1.477,56.04,0.237,58.009,10,0.626,0.0,51.1
399,yolo26n,1.716,55.636,0.205,57.831,11,0.5926,0.0,55.3
400,yolo26n,1.405,56.903,0.205,58.742,11,0.5773,0.0,51.1
401,yolo26n,2.111,50.519,0.216,53.191,10,0.6235,0.0,52.3
402,yolo26n,1.336,47.822,0.203,49.586,10,0.6196,0.0,51.3
403,yolo26n,1.316,49.776,0.299,51.616,10,0.6027,0.0,53.5
404,yolo26n,1.621,49.983,0.205,52.056,10,0.5996,0.0,52.4
405,yolo26n,1.315,47.624,0.205,49.364,10,0.6024,0.0,51.3
406,yolo26n,1.632,47.25,0.215,49.363,10,0.5976,0.0,51.2
407,yolo26n,1.355,47.567,0.207,49.339,11,0.5549,0.0,51.2
408,yolo26n,1.323,47.331,0.201,49.072,11,0.546,0.0,51.3
409,yolo26n,1.357,48.139,0.199,49.921,10,0.572,0.0,51.2
410,yolo26n,1.317,48.226,0.222,49.982,10,0.5751,0.0,51.2
411,yolo26n,1.314,49.157,0.204,50.884,11,0.5398,0.0,52.4
412,yolo26n,1.352,49.557,0.204,51.327,10,0.5476,0.0,51.2
413,yolo26n,1.361,48.705,0.22,50.507,9,0.5672,0.0,52.4
414,yolo26n,1.709,48.354,0.206,50.536,10,0.5487,0.0,51.2
415,yolo26n,1.316,48.704,0.244,50.473,10,0.5582,0.0,52.4
416,yolo26n,1.381,47.892,0.205,49.701,12,0.518,0.0,48.7
417,yolo26n,1.5,49.163,0.209,51.089,12,0.556,0.0,53.5
418,yolo26n,1.428,54.012,0.229,55.908,12,0.5399,0.0,59.1
419,yolo26n,1.356,48.76,0.203,50.544,11,0.5789,0.0,51.2
420,yolo26n,1.328,49.218,0.203,50.972,11,0.5838,0.0,51.2
421,yolo26n,1.337,48.827,0.224,50.6,10,0.5742,0.0,50.0
422,yolo26n,1.715,48.601,0.205,50.805,11,0.5478,0.0,52.4
423,yolo26n,1.35,53.713,0.316,55.616,9,0.5449,0.0,56.8
424,yolo26n,1.627,59.113,0.207,61.211,9,0.5547,0.0,62.0
425,yolo26n,1.761,48.208,0.203,50.445,9,0.5922,0.0,51.2
426,yolo26n,1.346,48.049,0.215,49.826,8,0.6393,0.0,51.2
427,yolo26n,1.329,48.386,0.205,50.135,8,0.6582,0.0,50.0
428,yolo26n,1.372,48.246,0.206,50.04,7,0.7161,0.0,51.2
429,yolo26n,1.357,48.485,0.205,50.258,7,0.6903,0.0,51.2
430,yolo26n,1.663,52.41,0.226,54.572,7,0.6904,0.0,55.8
431,yolo26n,1.336,48.467,0.217,50.234,7,0.6941,0.0,50.0
432,yolo26n,1.409,48.677,0.206,50.511,7,0.6874,0.0,52.4
433,yolo26n,1.348,48.452,0.212,50.231,8,0.6534,0.0,48.8
434,yolo26n,1.381,48.77,0.205,50.573,8,0.6635,0.0,51.2
435,yolo26n,1.32,49.996,0.206,51.75,7,0.7284,0.0,52.4
436,yolo26n,1.428,48.868,0.225,50.743,7,0.7365,0.0,50.0
437,yolo26n,1.371,52.393,0.233,54.216,7,0.721,0.0,56.8
438,yolo26n,1.712,48.795,0.205,50.985,8,0.5792,0.0,51.2
439,yolo26n,1.335,48.938,0.207,50.693,8,0.6308,0.0,51.2
440,yolo26n,1.359,48.802,0.203,50.58,6,0.7387,0.0,51.2
441,yolo26n,1.341,48.531,0.202,50.295,7,0.6516,0.0,52.4
442,yolo26n,1.316,51.493,0.205,53.228,8,0.5713,0.0,52.4
443,yolo26n,1.299,49.011,0.202,50.717,8,0.5878,0.0,51.2
444,yolo26n,1.303,49.125,0.212,50.85,7,0.6196,0.0,53.7
445,yolo26n,1.363,48.652,0.212,50.444,8,0.5995,0.0,51.2
446,yolo26n,1.75,48.622,0.216,50.851,6,0.6611,0.0,50.0
447,yolo26n,1.37,49.684,0.204,51.474,5,0.7292,0.0,52.4
448,yolo26n,1.322,48.704,0.205,50.449,5,0.7593,0.0,51.2
449,yolo26n,1.344,48.464,0.214,50.243,5,0.758,0.0,51.2
450,yolo26n,1.348,48.426,0.205,50.197,5,0.7529,0.0,50.0
451,yolo26n,1.604,51.185,0.209,53.281,5,0.7163,0.0,53.3
452,yolo26n,1.335,48.654,0.202,50.398,6,0.6704,0.0,51.2
453,yolo26n,1.342,48.552,0.261,50.366,6,0.6212,0.0,51.2
454,yolo26n,1.687,48.647,0.206,50.801,6,0.5891,0.0,51.2
455,yolo26n,1.348,49.223,0.223,51.027,6,0.6017,0.0,50.0
456,yolo26n,1.321,52.116,0.207,53.853,7,0.589,0.0,54.5
457,yolo26n,1.366,56.573,0.203,58.357,8,0.5706,0.0,60.9
458,yolo26n,1.397,50.549,0.239,52.429,5,0.7013,0.0,55.8
459,yolo26n,1.357,49.299,0.211,51.084,5,0.6567,0.0,51.2
460,yolo26n,1.341,48.521,0.204,50.283,6,0.591,0.0,50.0
461,yolo26n,1.339,48.529,0.201,50.285,5,0.675,0.0,51.2
462,yolo26n,1.664,48.575,0.205,50.702,5,0.6421,0.0,52.4
463,yolo26n,1.325,48.869,0.202,50.606,6,0.5287,0.0,51.2
464,yolo26n,1.315,48.656,0.208,50.403,6,0.5202,0.0,51.2
465,yolo26n,1.328,48.744,0.206,50.486,6,0.5739,0.0,51.2
466,yolo26n,1.433,54.8,0.206,56.662,6,0.5798,0.0,50.0
467,yolo26n,1.323,48.578,0.203,50.314,5,0.6378,0.0,51.2
468,yolo26n,1.3,48.65,0.221,50.381,5,0.6353,0.0,50.0
469,yolo26n,1.347,49.107,0.273,50.947,7,0.5003,0.0,52.4
470,yolo26n,1.528,55.441,0.216,57.458,8,0.4845,0.0,52.2
471,yolo26n,1.317,48.808,0.203,50.603,9,0.4776,0.0,52.4
472,yolo26n,1.296,48.554,0.206,50.269,7,0.504,0.0,50.0
473,yolo26n,1.306,48.643,0.198,50.355,10,0.4425,0.0,51.2
474,yolo26n,1.677,48.323,0.215,50.488,10,0.4604,0.0,51.2
475,yolo26n,1.351,50.382,0.348,52.327,9,0.4796,0.0,53.5
476,yolo26n,1.538,53.274,0.205,55.315,8,0.4793,0.0,52.3
477,yolo26n,1.364,48.317,0.224,50.134,10,0.4785,0.0,51.2
478,yolo26n,1.689,48.773,0.199,50.927,11,0.4507,0.0,51.2
479,yolo26n,1.435,53.307,0.226,55.244,9,0.4696,0.0,50.0
480,yolo26n,1.336,48.232,0.219,50.006,10,0.454,0.0,51.2
481,yolo26n,1.346,49.19,0.214,50.963,8,0.5045,0.0,53.7
482,yolo26n,1.362,51.586,0.206,53.371,7,0.474,0.0,53.5
483,yolo26n,1.391,48.638,0.223,50.479,8,0.4778,0.0,51.2
484,yolo26n,1.583,56.095,0.212,58.143,7,0.4614,0.0,53.2
485,yolo26n,1.387,48.922,0.204,50.737,4,0.5863,0.0,51.2
486,yolo26n,1.322,48.175,0.207,49.942,6,0.463,0.0,50.0
487,yolo26n,1.442,62.325,0.231,64.245,5,0.4917,0.0,54.7
488,yolo26n,1.378,55.088,0.202,56.904,5,0.4826,0.0,52.2
489,yolo26n,1.376,49.791,0.202,51.586,7,0.5185,0.0,51.2
490,yolo26n,1.397,48.782,0.211,50.622,8,0.4993,0.0,53.7
491,yolo26n,1.447,48.872,0.24,50.785,8,0.4845,0.0,52.4
492,yolo26n,1.365,50.57,0.217,52.369,7,0.5568,0.0,52.4
493,yolo26n,1.674,51.524,0.227,53.694,8,0.524,0.0,54.5
494,yolo26n,1.383,51.879,0.206,53.697,7,0.5178,0.0,53.5
495,yolo26n,1.362,50.739,0.211,52.53,7,0.5168,0.0,52.3
496,yolo26n,1.397,49.316,0.202,51.134,10,0.4828,0.0,52.4
497,yolo26n,1.364,49.205,0.229,51.019,7,0.5296,0.0,52.4
498,yolo26n,1.35,49.918,0.216,51.71,8,0.566,0.0,53.7
499,yolo26n,1.336,49.504,0.208,51.268,8,0.5638,0.0,52.4
500,yolo26n,1.352,48.529,0.228,50.356,8,0.5761,0.0,52.4
501,yolo26n,1.968,62.307,0.256,64.856,6,0.6888,0.0,61.5
502,yolo26n,1.705,67.703,0.237,69.946,7,0.6241,0.0,68.4
503,yolo26n,1.707,61.685,0.206,63.865,6,0.668,0.0,56.6
504,yolo26n,1.337,50.656,0.211,52.445,6,0.7011,0.0,52.4
505,yolo26n,1.297,49.156,0.209,50.873,6,0.6468,0.0,51.2
506,yolo26n,1.34,49.899,0.205,51.674,5,0.7481,0.0,52.4
507,yolo26n,1.32,51.07,0.231,52.855,6,0.5866,0.0,55.8
508,yolo26n,1.498,51.788,0.216,53.749,6,0.6456,0.0,53.5
509,yolo26n,1.657,50.59,0.202,52.708,8,0.6058,0.0,52.3
510,yolo26n,1.355,49.134,0.211,50.906,7,0.6174,0.0,50.0
511,yolo26n,1.69,50.738,0.207,52.892,8,0.6324,0.0,55.8
512,yolo26n,1.378,49.393,0.205,51.187,8,0.5735,0.0,51.2
513,yolo26n,1.334,52.7,0.207,54.464,8,0.6757,0.0,55.6
514,yolo26n,1.453,55.171,0.235,57.134,8,0.6833,0.0,52.2
515,yolo26n,1.799,57.158,0.243,59.494,8,0.6874,0.0,63.3
516,yolo26n,1.638,69.739,0.324,71.992,8,0.6446,0.0,68.4
517,yolo26n,1.752,71.987,0.247,74.294,7,0.6735,0.0,77.6
518,yolo26n,1.447,61.469,0.269,63.429,9,0.6167,0.0,66.0
519,yolo26n,1.711,62.778,0.233,64.996,10,0.5728,0.0,69.2
520,yolo26n,1.427,58.26,0.241,60.167,9,0.631,0.0,66.7
521,yolo26n,1.435,56.202,0.215,58.085,10,0.5556,0.0,74.5
522,yolo26n,1.724,68.884,0.296,71.188,10,0.5823,0.0,79.7
523,yolo26n,1.667,66.309,0.247,68.481,10,0.5678,0.0,74.5
524,yolo26n,1.698,66.069,0.28,68.321,10,0.5896,0.0,66.1
525,yolo26n,1.684,65.559,0.246,67.768,9,0.5787,0.0,63.0
526,yolo26n,1.786,65.423,0.281,67.76,10,0.5816,0.0,78.2
527,yolo26n,1.779,72.723,0.302,75.103,11,0.5179,0.0,84.1
528,yolo26n,1.651,69.037,0.27,71.222,8,0.6227,0.0,89.7
529,yolo26n,1.633,66.519,0.253,68.666,10,0.5462,0.0,75.0
530,yolo26n,1.683,66.125,0.269,68.335,11,0.5238,0.0,71.4
531,yolo26n,1.562,65.348,0.249,67.403,9,0.5353,0.0,76.4
532,yolo26n,1.596,66.146,0.265,68.266,9,0.5572,0.0,80.0
533,yolo26n,1.64,67.472,0.256,69.615,10,0.4853,0.0,85.7
534,yolo26n,1.583,67.78,0.261,69.907,9,0.5362,0.0,69.6
535,yolo26n,1.679,68.822,0.276,71.028,10,0.5238,0.0,67.8
536,yolo26n,1.733,66.677,0.269,68.944,10,0.4989,0.0,74.1
537,yolo26n,1.564,66.337,0.251,68.393,9,0.52,0.0,77.2
538,yolo26n,1.555,66.981,0.21,69.013,10,0.5216,0.0,68.4
539,yolo26n,1.609,55.288,0.217,57.366,10,0.5026,0.0,50.0
540,yolo26n,1.357,42.581,0.204,44.352,7,0.5457,0.0,52.8
541,yolo26n,1.483,65.043,0.286,67.063,5,0.6679,0.0,54.5
542,yolo26n,1.762,54.473,0.213,56.749,7,0.5448,0.0,53.3
543,yolo26n,1.317,49.458,0.207,51.193,6,0.6575,0.0,52.4
544,yolo26n,1.352,49.366,0.227,51.176,7,0.5902,0.0,52.4
545,yolo26n,1.383,49.139,0.223,50.962,6,0.6452,0.0,51.2
546,yolo26n,1.387,49.029,0.207,50.849,6,0.6216,0.0,50.0
547,yolo26n,1.313,49.047,0.208,50.775,6,0.6393,0.0,51.2
548,yolo26n,1.426,53.087,0.213,54.987,8,0.5511,0.0,52.2
549,yolo26n,1.349,48.571,0.205,50.34,6,0.6642,0.0,52.5
550,yolo26n,1.368,48.243,0.251,50.093,7,0.571,0.0,50.0
551,yolo26n,2.371,53.116,0.22,56.91,8,0.5374,0.0,60.9
552,yolo26n,1.75,50.439,0.225,52.711,8,0.5467,0.0,54.5
553,yolo26n,1.34,48.694,0.207,50.453,8,0.5427,0.0,50.0
554,yolo26n,1.7,48.284,0.207,50.466,8,0.5438,0.0,52.4
555,yolo26n,1.347,49.669,0.214,51.454,8,0.5491,0.0,48.8
556,yolo26n,1.373,48.478,0.205,50.278,8,0.5505,0.0,52.4
557,yolo26n,1.326,48.115,0.206,49.874,7,0.6057,0.0,51.2
558,yolo26n,1.391,48.402,0.207,50.221,7,0.6145,0.0,50.0
559,yolo26n,1.345,48.448,0.203,50.209,7,0.64,0.0,52.4
560,yolo26n,1.705,49.369,0.203,51.562,7,0.6367,0.0,52.4
561,yolo26n,1.355,49.427,0.216,51.22,7,0.6356,0.0,50.0
562,yolo26n,1.373,48.56,0.207,50.36,7,0.6285,0.0,52.4
563,yolo26n,1.358,48.625,0.208,50.413,7,0.6279,0.0,51.2
564,yolo26n,1.393,50.52,0.208,52.35,7,0.6488,0.0,52.4
565,yolo26n,1.365,48.472,0.21,50.268,7,0.6698,0.0,51.2
566,yolo26n,1.37,48.493,0.224,50.315,8,0.6214,0.0,50.0
567,yolo26n,1.379,48.679,0.208,50.483,8,0.6364,0.0,48.8
568,yolo26n,1.687,48.498,0.205,50.704,8,0.6474,0.0,51.2
569,yolo26n,1.344,49.111,0.223,50.897,8,0.6443,0.0,52.4
570,yolo26n,1.38,53.836,0.257,55.705,8,0.6515,0.0,56.5
571,yolo26n,1.769,59.148,0.232,61.39,8,0.6453,0.0,61.2
572,yolo26n,1.358,48.775,0.221,50.591,8,0.6527,0.0,51.2
573,yolo26n,1.382,48.847,0.228,50.677,8,0.6334,0.0,48.8
574,yolo26n,1.364,48.77,0.207,50.571,9,0.5732,0.0,51.2
575,yolo26n,1.373,49.913,0.226,51.733,8,0.6146,0.0,52.4
576,yolo26n,1.718,48.706,0.209,50.918,8,0.627,0.0,51.2
577,yolo26n,1.34,49.06,0.207,50.811,7,0.6834,0.0,50.0
578,yolo26n,1.375,49.258,0.207,51.064,8,0.624,0.0,52.4
579,yolo26n,1.336,48.846,0.211,50.607,8,0.6433,0.0,50.0
580,yolo26n,1.349,50.282,0.205,52.065,8,0.641,0.0,52.4
581,yolo26n,1.325,49.106,0.221,50.872,7,0.7004,0.0,52.4
582,yolo26n,1.323,48.819,0.214,50.582,7,0.7125,0.0,52.4
583,yolo26n,1.367,48.681,0.206,50.462,7,0.7129,0.0,50.0
584,yolo26n,1.696,50.87,0.224,53.067,7,0.7119,0.0,54.5
585,yolo26n,1.389,49.008,0.207,50.833,7,0.7002,0.0,51.2
586,yolo26n,1.399,53.414,0.203,55.242,7,0.693,0.0,51.1
587,yolo26n,1.338,48.253,0.205,50.016,7,0.6904,0.0,51.2
588,yolo26n,1.383,48.136,0.2,49.944,7,0.687,0.0,52.4
589,yolo26n,1.348,47.762,0.213,49.551,8,0.624,0.0,50.0
590,yolo26n,1.348,49.117,0.204,50.893,7,0.692,0.0,52.5
591,yolo26n,1.335,48.386,0.21,50.139,7,0.6837,0.0,52.4
592,yolo26n,1.315,49.968,0.204,51.691,7,0.6842,0.0,53.7
593,yolo26n,1.469,53.158,0.206,55.086,7,0.672,0.0,51.1
594,yolo26n,1.327,48.087,0.203,49.833,8,0.6036,0.0,50.0
595,yolo26n,1.345,47.586,0.212,49.349,7,0.6794,0.0,51.2
596,yolo26n,1.367,48.021,0.203,49.805,7,0.6701,0.0,51.3
597,yolo26n,1.37,49.278,0.204,51.056,7,0.6836,0.0,51.2
598,yolo26n,1.322,53.615,0.239,55.404,8,0.6142,0.0,58.7
599,yolo26n,1.851,51.002,0.204,53.342,7,0.6757,0.0,53.7
600,yolo26n,1.349,48.072,0.204,49.837,10,0.5598,0.0,52.4
601,yolo26n,1.64,51.508,0.21,53.621,9,0.5907,0.0,53.5
602,yolo26n,1.34,48.642,0.207,50.403,9,0.5828,0.0,50.0
603,yolo26n,1.337,49.116,0.217,50.883,8,0.6296,0.0,52.4
604,yolo26n,1.361,48.606,0.203,50.39,7,0.6614,0.0,51.2
605,yolo26n,1.322,49.268,0.202,51.009,7,0.6641,0.0,51.2
606,yolo26n,1.339,48.662,0.22,50.43,6,0.6421,0.0,52.4
607,yolo26n,1.355,49.107,0.207,50.88,7,0.6028,0.0,51.2
608,yolo26n,1.33,48.615,0.205,50.394,6,0.6891,0.0,51.2
609,yolo26n,1.355,49.826,0.223,51.613,8,0.567,0.0,52.4
610,yolo26n,1.421,48.8,0.202,50.637,8,0.559,0.0,51.2
611,yolo26n,1.323,49.247,0.201,50.974,6,0.6958,0.0,52.4
612,yolo26n,1.347,48.622,0.203,50.383,8,0.6014,0.0,50.0
613,yolo26n,1.351,48.861,0.205,50.639,7,0.6916,0.0,51.2
614,yolo26n,1.325,48.753,0.205,50.489,7,0.6197,0.0,52.4
615,yolo26n,1.343,49.267,0.206,51.033,6,0.6948,0.0,51.2
616,yolo26n,1.324,49.19,0.217,50.937,7,0.6077,0.0,51.2
617,yolo26n,1.337,49.083,0.214,50.841,7,0.6277,0.0,53.7
618,yolo26n,1.348,50.396,0.22,52.185,7,0.6109,0.0,52.4
619,yolo26n,1.848,49.159,0.213,51.501,6,0.6899,0.0,54.5
620,yolo26n,1.35,48.993,0.203,50.761,9,0.5369,0.0,50.0
621,yolo26n,1.321,50.389,0.203,52.137,8,0.5905,0.0,52.4
622,yolo26n,1.304,48.84,0.214,50.573,7,0.6333,0.0,52.4
623,yolo26n,1.3,49.403,0.207,51.116,8,0.5993,0.0,52.4
624,yolo26n,1.33,49.809,0.225,51.589,7,0.6284,0.0,52.4
625,yolo26n,1.359,48.996,0.202,50.781,8,0.5573,0.0,51.2
626,yolo26n,1.313,48.572,0.219,50.316,7,0.588,0.0,51.2
627,yolo26n,1.419,54.004,0.218,55.863,7,0.6431,0.0,51.1
628,yolo26n,1.364,48.919,0.202,50.696,8,0.5456,0.0,52.4
629,yolo26n,1.294,53.479,0.216,55.209,6,0.6048,0.0,54.5
630,yolo26n,1.377,48.8,0.224,50.616,6,0.5729,0.0,51.2
631,yolo26n,1.334,48.866,0.213,50.62,9,0.4744,0.0,51.2
632,yolo26n,1.332,49.523,0.204,51.269,7,0.6139,0.0,51.2
633,yolo26n,1.424,49.51,0.201,51.344,7,0.6229,0.0,53.5
634,yolo26n,1.329,48.744,0.217,50.515,8,0.5508,0.0,48.8
635,yolo26n,1.314,49.891,0.212,51.625,7,0.5638,0.0,53.5
636,yolo26n,1.378,48.729,0.214,50.536,7,0.6134,0.0,50.0
637,yolo26n,1.475,56.995,0.222,58.921,7,0.6384,0.0,54.2
638,yolo26n,1.4,48.891,0.206,50.719,7,0.6534,0.0,52.4
639,yolo26n,1.316,49.316,0.204,51.043,7,0.6655,0.0,51.2
640,yolo26n,1.329,49.271,0.205,51.017,8,0.5842,0.0,52.4
641,yolo26n,1.333,49.23,0.204,50.978,8,0.6178,0.0,50.0
642,yolo26n,1.355,49.574,0.208,51.353,8,0.5926,0.0,53.7
643,yolo26n,1.361,49.176,0.211,50.969,9,0.569,0.0,51.2
644,yolo26n,1.359,50.09,0.206,51.868,8,0.6418,0.0,52.4
645,yolo26n,1.331,48.718,0.216,50.496,9,0.6069,0.0,51.2
646,yolo26n,1.341,48.721,0.208,50.485,9,0.6519,0.0,52.4
647,yolo26n,1.331,49.199,0.215,50.951,11,0.5946,0.0,50.0
648,yolo26n,1.346,49.462,0.233,51.257,9,0.6546,0.0,52.4
649,yolo26n,1.382,62.489,0.273,64.373,10,0.6224,0.0,64.7
650,yolo26n,1.745,57.36,0.21,59.599,10,0.6582,0.0,53.1
651,yolo26n,1.6,51.845,0.207,53.909,10,0.6789,0.0,53.3
652,yolo26n,1.368,48.769,0.215,50.577,9,0.7205,0.0,50.0
653,yolo26n,1.343,48.796,0.205,50.551,9,0.7169,0.0,52.4
654,yolo26n,1.432,54.839,0.225,56.727,9,0.7236,0.0,50.0
655,yolo26n,1.345,49.6,0.205,51.376,9,0.6808,0.0,53.5
656,yolo26n,1.321,50.801,0.215,52.553,8,0.7357,0.0,52.4
657,yolo26n,1.351,48.98,0.213,50.755,10,0.6053,0.0,51.2
658,yolo26n,1.379,48.834,0.211,50.642,9,0.6532,0.0,51.2
659,yolo26n,1.312,49.294,0.21,51.035,8,0.6701,0.0,51.2
660,yolo26n,1.336,48.663,0.214,50.438,8,0.7101,0.0,51.2
661,yolo26n,1.381,48.752,0.221,50.56,8,0.6999,0.0,52.4
662,yolo26n,1.359,48.736,0.218,50.549,10,0.5764,0.0,50.0
663,yolo26n,1.344,48.869,0.207,50.631,8,0.6327,0.0,52.4
664,yolo26n,1.337,48.835,0.216,50.599,8,0.6373,0.0,50.0
665,yolo26n,1.326,48.865,0.205,50.602,8,0.628,0.0,51.2
666,yolo26n,1.347,49.351,0.222,51.142,8,0.6735,0.0,51.2
667,yolo26n,1.379,48.953,0.219,50.764,7,0.658,0.0,51.2
668,yolo26n,1.508,53.398,0.227,55.407,8,0.6327,0.0,52.3
669,yolo26n,1.352,49.242,0.207,51.018,7,0.6851,0.0,50.0
670,yolo26n,1.36,48.62,0.202,50.399,8,0.5875,0.0,51.2
671,yolo26n,1.337,48.742,0.211,50.511,8,0.5834,0.0,51.2
672,yolo26n,1.416,48.646,0.215,50.491,5,0.7491,0.0,51.2
673,yolo26n,1.387,49.227,0.224,51.062,6,0.7186,0.0,52.4
674,yolo26n,1.365,48.824,0.21,50.621,5,0.7503,0.0,51.2
675,yolo26n,1.325,49.376,0.223,51.134,7,0.6202,0.0,51.2
676,yolo26n,1.376,48.289,0.205,50.079,7,0.662,0.0,51.2
677,yolo26n,1.336,48.934,0.204,50.681,6,0.6621,0.0,51.2
678,yolo26n,1.371,49.936,0.228,51.751,7,0.6289,0.0,52.4
679,yolo26n,1.337,49.85,0.244,51.645,7,0.6243,0.0,52.4
680,yolo26n,1.473,49.124,0.202,51.037,7,0.6249,0.0,51.2
681,yolo26n,1.34,49.001,0.219,50.774,7,0.6638,0.0,52.4
682,yolo26n,1.349,48.554,0.222,50.34,7,0.6895,0.0,50.0
683,yolo26n,1.429,55.991,0.218,57.87,8,0.6366,0.0,54.2
684,yolo26n,1.387,48.541,0.203,50.346,7,0.6885,0.0,51.2
685,yolo26n,1.33,48.848,0.205,50.595,8,0.6132,0.0,51.2
686,yolo26n,1.363,48.596,0.205,50.375,8,0.6121,0.0,50.0
687,yolo26n,1.335,48.817,0.205,50.571,8,0.5846,0.0,52.4
688,yolo26n,1.361,48.473,0.203,50.26,9,0.5771,0.0,51.2
689,yolo26n,1.392,49.295,0.209,51.116,9,0.5944,0.0,51.2
690,yolo26n,1.442,49.388,0.205,51.257,9,0.5828,0.0,52.4
691,yolo26n,1.347,48.683,0.205,50.453,9,0.6352,0.0,51.2
692,yolo26n,1.354,49.313,0.205,51.083,9,0.6315,0.0,50.0
693,yolo26n,1.338,49.34,0.206,51.11,9,0.6448,0.0,52.4
694,yolo26n,1.37,50.115,0.228,51.956,10,0.5953,0.0,52.4
695,yolo26n,1.31,49.401,0.21,51.142,10,0.5901,0.0,52.4
696,yolo26n,1.355,49.726,0.204,51.506,10,0.5982,0.0,51.2
697,yolo26n,1.414,49.721,0.207,51.549,9,0.6354,0.0,52.4
698,yolo26n,1.323,50.244,0.209,51.994,9,0.625,0.0,52.4
699,yolo26n,1.336,48.894,0.201,50.649,12,0.5579,0.0,51.2
700,yolo26n,1.44,53.966,0.206,55.841,12,0.5586,0.0,52.2
701,yolo26n,1.638,52.982,0.223,55.113,11,0.5964,0.0,54.5
702,yolo26n,1.346,48.901,0.216,50.674,11,0.5923,0.0,50.0
703,yolo26n,1.354,49.058,0.211,50.828,11,0.5762,0.0,51.2
704,yolo26n,1.354,49.185,0.224,50.995,10,0.6046,0.0,51.2
705,yolo26n,1.382,48.663,0.216,50.48,9,0.6536,0.0,51.2
706,yolo26n,1.355,49.158,0.217,50.94,11,0.5973,0.0,51.2
707,yolo26n,1.361,52.564,0.239,54.38,11,0.5955,0.0,55.6
708,yolo26n,1.359,49.136,0.221,50.928,12,0.5899,0.0,52.4
709,yolo26n,1.35,48.885,0.209,50.658,12,0.5643,0.0,51.2
710,yolo26n,1.343,48.861,0.221,50.654,10,0.6009,0.0,51.2
711,yolo26n,1.366,49.914,0.23,51.72,9,0.635,0.0,51.2
712,yolo26n,1.459,54.43,0.21,56.323,10,0.6154,0.0,52.3
713,yolo26n,1.353,50.264,0.221,52.066,11,0.5873,0.0,53.5
714,yolo26n,1.332,48.799,0.214,50.566,11,0.6171,0.0,51.2
715,yolo26n,1.377,50.558,0.216,52.357,11,0.6183,0.0,51.2
716,yolo26n,1.356,48.602,0.226,50.431,12,0.5727,0.0,51.2
717,yolo26n,1.33,48.649,0.199,50.397,10,0.6515,0.0,52.4
718,yolo26n,1.322,48.425,0.219,50.178,9,0.6861,0.0,50.0
719,yolo26n,1.33,49.12,0.207,50.876,9,0.6821,0.0,51.2
720,yolo26n,1.516,53.231,0.21,55.181,9,0.6489,0.0,51.1
721,yolo26n,1.351,48.577,0.206,50.357,9,0.6863,0.0,51.2
722,yolo26n,1.345,48.455,0.216,50.241,9,0.6708,0.0,51.2
723,yolo26n,1.383,48.605,0.22,50.415,9,0.6798,0.0,51.2
724,yolo26n,1.359,49.636,0.226,51.456,9,0.6818,0.0,52.4
725,yolo26n,1.34,48.922,0.221,50.699,9,0.6905,0.0,50.0
726,yolo26n,1.387,48.931,0.241,50.8,9,0.6927,0.0,52.4
727,yolo26n,1.579,67.955,0.212,70.014,9,0.6837,0.0,60.7
728,yolo26n,1.444,51.155,0.208,53.041,9,0.6906,0.0,51.2
729,yolo26n,1.351,48.503,0.231,50.325,9,0.7018,0.0,51.2
730,yolo26n,1.369,48.986,0.208,50.801,11,0.645,0.0,51.2
731,yolo26n,1.339,48.993,0.204,50.752,10,0.6629,0.0,51.2
732,yolo26n,1.319,48.69,0.209,50.44,9,0.7057,0.0,51.2
733,yolo26n,1.331,48.847,0.215,50.624,10,0.6639,0.0,51.2
734,yolo26n,1.367,48.495,0.216,50.291,9,0.7195,0.0,50.0
735,yolo26n,1.362,50.106,0.22,51.893,9,0.7226,0.0,53.5
736,yolo26n,1.43,55.916,0.215,57.794,9,0.7242,0.0,51.1
737,yolo26n,1.351,48.814,0.204,50.593,9,0.7254,0.0,51.2
738,yolo26n,1.341,48.695,0.208,50.46,9,0.7301,0.0,51.2
739,yolo26n,1.336,48.829,0.203,50.576,10,0.6955,0.0,51.2
740,yolo26n,1.36,48.63,0.207,50.415,9,0.7381,0.0,50.0
741,yolo26n,1.328,48.318,0.205,50.074,9,0.7393,0.0,51.2
742,yolo26n,1.344,51.532,0.217,53.294,10,0.6918,0.0,53.5
743,yolo26n,1.332,48.744,0.22,50.518,10,0.6657,0.0,51.2
744,yolo26n,1.366,48.741,0.215,50.538,10,0.6974,0.0,50.0
745,yolo26n,1.379,49.026,0.213,50.838,10,0.6614,0.0,52.4
746,yolo26n,1.382,50.849,0.22,52.674,9,0.6983,0.0,53.7
747,yolo26n,1.479,48.88,0.202,50.827,8,0.7435,0.0,51.2
748,yolo26n,1.329,47.448,0.205,49.198,7,0.7404,0.0,50.0
749,yolo26n,1.303,48.065,0.195,49.766,8,0.6763,0.0,52.4
750,yolo26n,1.296,46.271,0.197,47.979,8,0.7103,0.0,51.3
751,yolo26n,1.511,46.538,0.214,48.527,8,0.6998,0.0,51.2
752,yolo26n,1.303,44.243,0.212,45.977,8,0.6837,0.0,51.4
753,yolo26n,1.325,42.542,0.22,44.313,7,0.7457,0.0,51.4
754,yolo26n,1.369,44.299,0.235,46.128,8,0.6519,0.0,52.8
755,yolo26n,1.406,45.34,0.244,47.225,8,0.6597,0.0,50.0
756,yolo26n,1.463,46.615,0.248,48.564,8,0.6777,0.0,52.5
757,yolo26n,1.45,48.316,0.245,50.245,9,0.6751,0.0,51.2
758,yolo26n,1.525,48.292,0.259,50.322,9,0.6472,0.0,51.2
759,yolo26n,1.556,50.114,0.26,52.172,8,0.7134,0.0,51.2
760,yolo26n,1.539,49.41,0.266,51.46,8,0.6871,0.0,51.2
761,yolo26n,1.55,50.835,0.28,52.913,10,0.6046,0.0,51.2
762,yolo26n,1.562,51.698,0.271,53.828,8,0.6623,0.0,52.3
763,yolo26n,1.582,51.071,0.278,53.19,9,0.622,0.0,51.2
764,yolo26n,1.624,50.868,0.27,53.021,9,0.5991,0.0,52.3
765,yolo26n,1.576,51.45,0.278,53.554,7,0.6689,0.0,50.0
766,yolo26n,1.622,53.008,0.288,55.189,8,0.6136,0.0,52.2
767,yolo26n,1.641,52.878,0.281,55.069,8,0.6217,0.0,50.0
768,yolo26n,1.61,53.181,0.277,55.327,6,0.7467,0.0,51.1
769,yolo26n,1.651,52.848,0.274,55.033,7,0.6884,0.0,52.2
770,yolo26n,1.636,55.6,0.279,57.797,6,0.7461,0.0,54.3
771,yolo26n,1.615,55.141,0.28,57.304,6,0.7362,0.0,55.3
772,yolo26n,1.624,53.113,0.287,55.287,6,0.75,0.0,51.1
773,yolo26n,1.627,54.57,0.291,56.746,6,0.7222,0.0,52.2
774,yolo26n,1.695,53.857,0.286,56.103,7,0.6531,0.0,53.3
775,yolo26n,1.652,52.86,0.276,55.05,7,0.6373,0.0,51.1
776,yolo26n,1.576,50.983,0.269,53.079,8,0.601,0.0,51.2
777,yolo26n,1.588,51.086,0.271,53.197,7,0.6371,0.0,52.3
778,yolo26n,1.578,54.339,0.291,56.464,7,0.6579,0.0,55.3
779,yolo26n,1.643,52.841,0.284,55.028,7,0.6131,0.0,50.0
780,yolo26n,1.964,59.105,0.28,61.652,7,0.6482,0.0,52.0
781,yolo26n,1.611,53.097,0.287,55.262,7,0.6653,0.0,51.1
782,yolo26n,1.654,51.168,0.265,53.35,9,0.604,0.0,51.2
783,yolo26n,1.584,51.253,0.278,53.371,8,0.6426,0.0,51.2
784,yolo26n,1.853,69.632,0.283,72.07,8,0.6823,0.0,53.4
785,yolo26n,1.568,52.447,0.271,54.542,9,0.6056,0.0,54.5
786,yolo26n,2.08,52.028,0.273,54.737,10,0.5367,0.0,51.1
787,yolo26n,1.619,58.944,0.278,61.097,9,0.5846,0.0,58.8
788,yolo26n,1.844,52.799,0.279,55.195,9,0.592,0.0,51.1
789,yolo26n,1.621,53.005,0.284,55.181,8,0.6479,0.0,51.1
790,yolo26n,1.67,52.431,0.28,54.642,9,0.6367,0.0,52.3
791,yolo26n,1.6,53.091,0.281,55.234,8,0.6885,0.0,51.1
792,yolo26n,1.637,52.71,0.303,54.91,8,0.6778,0.0,51.1
793,yolo26n,1.64,52.538,0.277,54.715,8,0.6705,0.0,50.0
794,yolo26n,2.17,53.761,0.275,56.541,8,0.6612,0.0,53.3
795,yolo26n,1.631,52.73,0.279,54.899,9,0.6162,0.0,51.1
796,yolo26n,1.637,52.768,0.271,54.938,8,0.6831,0.0,51.1
797,yolo26n,1.635,52.895,0.278,55.076,8,0.6967,0.0,51.1
798,yolo26n,1.657,52.319,0.285,54.522,9,0.6327,0.0,51.1
799,yolo26n,1.634,52.93,0.274,55.103,9,0.6274,0.0,52.3
800,yolo26n,1.65,52.447,0.263,54.628,9,0.6182,0.0,51.1
801,yolo26n,1.839,53.677,0.267,56.052,9,0.6645,0.0,53.3
802,yolo26n,1.872,71.907,0.306,74.398,10,0.6139,0.0,60.0
803,yolo26n,1.816,59.4,0.274,61.776,10,0.604,0.0,52.0
804,yolo26n,1.576,51.583,0.262,53.689,10,0.6184,0.0,52.3
805,yolo26n,1.575,52.263,0.274,54.361,9,0.6632,0.0,52.2
806,yolo26n,1.652,52.636,0.273,54.833,9,0.6564,0.0,51.2
807,yolo26n,1.627,52.936,0.277,55.11,10,0.6145,0.0,51.1
808,yolo26n,1.635,52.576,0.28,54.761,9,0.6699,0.0,50.0
809,yolo26n,1.617,52.787,0.278,54.951,10,0.6294,0.0,51.1
810,yolo26n,2.119,52.637,0.27,55.374,10,0.616,0.0,51.1
811,yolo26n,1.582,50.949,0.272,53.052,10,0.5949,0.0,51.2
812,yolo26n,1.619,51.262,0.268,53.407,9,0.6335,0.0,50.0
813,yolo26n,1.594,51.2,0.289,53.355,9,0.6114,0.0,52.3
814,yolo26n,1.591,52.398,0.281,54.533,8,0.6583,0.0,51.1
815,yolo26n,1.623,53.877,0.279,56.064,8,0.6726,0.0,51.1
816,yolo26n,1.649,52.62,0.274,54.811,9,0.6425,0.0,51.1
817,yolo26n,1.62,52.674,0.273,54.838,10,0.6339,0.0,51.1
818,yolo26n,2.137,52.697,0.28,55.469,10,0.6015,0.0,50.0
819,yolo26n,1.589,51.561,0.273,53.681,11,0.5798,0.0,52.3
820,yolo26n,1.62,53.317,0.28,55.471,10,0.5994,0.0,52.3
821,yolo26n,1.623,52.887,0.281,55.07,10,0.6295,0.0,51.1
822,yolo26n,1.644,52.552,0.279,54.744,9,0.6787,0.0,51.2
823,yolo26n,1.62,54.826,0.279,56.991,9,0.6632,0.0,53.2
824,yolo26n,1.64,52.605,0.274,54.791,9,0.6921,0.0,50.0
825,yolo26n,1.623,52.823,0.278,54.998,9,0.6972,0.0,52.2
826,yolo26n,2.124,51.564,0.277,54.312,10,0.6536,0.0,51.2
827,yolo26n,1.569,51.081,0.264,53.165,10,0.6676,0.0,52.3
828,yolo26n,1.625,52.04,0.278,54.196,11,0.619,0.0,52.3
829,yolo26n,1.599,53.37,0.293,55.516,11,0.6085,0.0,52.2
830,yolo26n,1.67,52.516,0.278,54.725,10,0.6289,0.0,48.8
831,yolo26n,1.601,54.008,0.289,56.16,10,0.6391,0.0,52.2
832,yolo26n,1.616,52.697,0.262,54.831,10,0.6298,0.0,51.1
833,yolo26n,1.581,51.142,0.276,53.262,9,0.6572,0.0,51.2
834,yolo26n,2.067,51.195,0.273,53.86,9,0.6357,0.0,52.3
835,yolo26n,1.562,51.225,0.28,53.326,9,0.6529,0.0,51.2
836,yolo26n,1.688,52.7,0.282,54.942,10,0.6162,0.0,50.0
837,yolo26n,1.637,53.938,0.275,56.107,8,0.7053,0.0,53.2
838,yolo26n,1.657,52.653,0.3,54.896,8,0.6982,0.0,50.0
839,yolo26n,1.625,53.031,0.278,55.194,9,0.6479,0.0,53.3
840,yolo26n,1.647,53.065,0.281,55.277,8,0.7195,0.0,51.1
841,yolo26n,1.582,51.256,0.271,53.361,8,0.7099,0.0,51.2
842,yolo26n,1.806,62.443,0.273,64.825,8,0.6844,0.0,50.9
843,yolo26n,1.584,51.151,0.265,53.257,8,0.6968,0.0,51.2
844,yolo26n,1.593,50.87,0.268,52.999,8,0.7111,0.0,50.0
845,yolo26n,1.64,50.892,0.284,53.063,8,0.694,0.0,51.2
846,yolo26n,1.646,50.66,0.272,52.835,9,0.6344,0.0,51.2
847,yolo26n,1.571,51.691,0.274,53.789,9,0.6385,0.0,52.3
848,yolo26n,1.631,52.674,0.272,54.845,10,0.6239,0.0,50.0
849,yolo26n,1.624,52.613,0.281,54.788,9,0.6623,0.0,52.3
850,yolo26n,2.133,52.803,0.288,55.568,9,0.6676,0.0,51.1
851,yolo26n,1.913,54.983,0.28,57.471,9,0.6466,0.0,53.2
852,yolo26n,1.64,50.739,0.267,52.908,9,0.6479,0.0,51.2
853,yolo26n,1.572,51.197,0.264,53.287,10,0.6069,0.0,51.2
854,yolo26n,1.617,51.193,0.277,53.343,8,0.6901,0.0,51.2
855,yolo26n,1.634,52.728,0.283,54.916,9,0.612,0.0,51.1
856,yolo26n,1.636,56.165,0.44,58.542,8,0.6544,0.0,55.1
857,yolo26n,1.869,52.73,0.279,55.217,9,0.6049,0.0,52.3
858,yolo26n,2.148,53.475,0.274,56.259,10,0.5784,0.0,52.2
859,yolo26n,1.626,52.332,0.267,54.486,10,0.5844,0.0,50.0
860,yolo26n,1.611,50.839,0.264,52.974,10,0.5846,0.0,52.3
861,yolo26n,1.583,51.158,0.268,53.273,8,0.6372,0.0,52.3
862,yolo26n,1.616,51.293,0.282,53.455,8,0.6528,0.0,51.2
863,yolo26n,1.633,52.754,0.28,54.929,8,0.6705,0.0,51.1
864,yolo26n,1.657,52.562,0.278,54.777,8,0.655,0.0,51.1
865,yolo26n,1.632,52.814,0.28,54.984,8,0.6589,0.0,51.1
866,yolo26n,2.13,51.951,0.279,54.7,8,0.6386,0.0,52.3
867,yolo26n,1.591,50.77,0.274,52.885,7,0.7145,0.0,51.2
868,yolo26n,1.823,57.883,0.27,60.267,7,0.7097,0.0,51.0
869,yolo26n,1.604,51.618,0.275,53.756,7,0.7124,0.0,52.3
870,yolo26n,1.615,51.028,0.269,53.168,8,0.6442,0.0,51.2
871,yolo26n,1.592,50.929,0.27,53.041,7,0.7242,0.0,50.0
872,yolo26n,1.606,52.438,0.287,54.587,8,0.6776,0.0,51.2
873,yolo26n,1.63,52.504,0.276,54.669,7,0.7403,0.0,52.2
874,yolo26n,2.132,53.065,0.284,55.834,7,0.7432,0.0,50.0
875,yolo26n,1.976,61.071,0.3,63.621,7,0.7421,0.0,59.6
876,yolo26n,1.747,62.421,0.28,64.81,7,0.7524,0.0,60.4
877,yolo26n,1.633,52.537,0.277,54.713,7,0.7747,0.0,51.1
878,yolo26n,1.678,52.511,0.297,54.742,7,0.7907,0.0,51.1
879,yolo26n,1.596,51.8,0.274,53.921,7,0.7562,0.0,52.3
880,yolo26n,1.738,51.178,0.265,53.435,7,0.7593,0.0,50.0
881,yolo26n,1.6,50.922,0.268,53.037,7,0.7687,0.0,51.2
882,yolo26n,2.058,52.428,0.278,55.106,7,0.7688,0.0,51.1
883,yolo26n,1.645,52.714,0.276,54.905,7,0.7538,0.0,51.1
884,yolo26n,1.656,52.335,0.279,54.55,7,0.7552,0.0,50.0
885,yolo26n,1.632,52.775,0.267,54.93,9,0.6403,0.0,51.1
886,yolo26n,1.59,50.829,0.268,52.943,8,0.667,0.0,50.0
887,yolo26n,1.581,50.859,0.276,52.964,9,0.6275,0.0,52.3
888,yolo26n,1.591,51.133,0.268,53.245,9,0.6281,0.0,51.2
889,yolo26n,1.592,51.642,0.281,53.777,9,0.6395,0.0,50.0
890,yolo26n,2.112,53.931,0.278,56.67,8,0.6776,0.0,52.2
891,yolo26n,1.663,52.842,0.28,55.057,7,0.7383,0.0,51.1
892,yolo26n,1.859,57.82,0.271,60.25,7,0.7244,0.0,55.1
893,yolo26n,1.616,51.716,0.267,53.852,7,0.71,0.0,51.1
894,yolo26n,1.57,53.882,0.278,56.0,6,0.7285,0.0,52.3
895,yolo26n,1.627,52.628,0.285,54.803,7,0.7342,0.0,50.0
896,yolo26n,1.635,52.502,0.275,54.689,7,0.7252,0.0,51.1
897,yolo26n,1.644,52.717,0.28,54.91,7,0.6882,0.0,52.3
898,yolo26n,2.117,52.726,0.301,55.485,7,0.7228,0.0,52.2
899,yolo26n,1.584,50.582,0.263,52.68,7,0.7274,0.0,50.0
900,yolo26n,1.574,50.716,0.264,52.818,7,0.7427,0.0,50.0
901,yolo26n,2.073,63.878,0.267,66.548,8,0.7122,0.0,53.6
902,yolo26n,1.629,50.799,0.269,52.954,9,0.6619,0.0,50.0
903,yolo26n,1.609,50.813,0.267,52.938,8,0.7001,0.0,52.3
904,yolo26n,1.607,50.818,0.267,52.947,8,0.6959,0.0,51.2
905,yolo26n,1.593,50.896,0.282,53.029,8,0.6916,0.0,51.2
906,yolo26n,2.045,52.16,0.276,54.814,8,0.6748,0.0,51.1
907,yolo26n,1.631,52.891,0.279,55.067,8,0.6803,0.0,52.3
908,yolo26n,1.625,52.625,0.278,54.79,8,0.6808,0.0,51.1
909,yolo26n,2.157,52.576,0.266,55.329,8,0.6958,0.0,51.1
910,yolo26n,1.608,50.987,0.268,53.14,8,0.7035,0.0,51.2
911,yolo26n,1.588,51.566,0.265,53.677,10,0.6259,0.0,51.1
912,yolo26n,1.546,52.287,0.28,54.385,10,0.6377,0.0,53.3
913,yolo26n,1.58,52.812,0.288,54.932,9,0.6673,0.0,50.0
914,yolo26n,2.12,52.701,0.28,55.441,10,0.6246,0.0,51.1
915,yolo26n,1.622,52.762,0.281,54.942,9,0.6776,0.0,51.1
916,yolo26n,1.607,52.847,0.276,55.01,9,0.6874,0.0,51.1
917,yolo26n,2.157,52.794,0.276,55.561,9,0.6995,0.0,51.1
918,yolo26n,1.658,52.75,0.282,54.96,9,0.7026,0.0,53.3
919,yolo26n,1.617,51.101,0.268,53.25,9,0.7137,0.0,50.0
920,yolo26n,1.811,57.22,0.272,59.598,9,0.7187,0.0,52.1
921,yolo26n,1.585,51.346,0.283,53.475,8,0.7762,0.0,50.0
922,yolo26n,2.062,52.643,0.279,55.316,8,0.7698,0.0,53.3
923,yolo26n,1.631,53.029,0.273,55.19,8,0.7663,0.0,51.1
924,yolo26n,1.657,52.547,0.279,54.755,8,0.7668,0.0,52.2
925,yolo26n,2.156,52.795,0.288,55.572,8,0.7767,0.0,51.1
926,yolo26n,1.683,52.665,0.29,54.899,9,0.7658,0.0,51.1
927,yolo26n,1.574,50.918,0.28,53.025,9,0.7361,0.0,51.2
928,yolo26n,1.61,51.206,0.27,53.338,8,0.7935,0.0,51.2
929,yolo26n,1.615,51.197,0.27,53.329,9,0.7292,0.0,52.3
930,yolo26n,2.053,56.857,0.279,59.544,8,0.7711,0.0,56.3
931,yolo26n,1.638,52.798,0.275,54.97,8,0.7746,0.0,53.3
932,yolo26n,1.638,52.449,0.291,54.643,8,0.7801,0.0,50.0
933,yolo26n,1.649,53.546,0.275,55.739,8,0.7284,0.0,52.2
934,yolo26n,1.655,52.555,0.277,54.751,8,0.7121,0.0,50.0
935,yolo26n,1.627,51.253,0.267,53.411,7,0.7632,0.0,51.2
936,yolo26n,1.574,51.458,0.279,53.559,8,0.6695,0.0,52.3
937,yolo26n,1.572,51.184,0.285,53.301,7,0.7488,0.0,51.2
938,yolo26n,2.132,52.951,0.274,55.689,7,0.7738,0.0,51.1
939,yolo26n,1.611,55.079,0.288,57.248,7,0.7766,0.0,55.3
940,yolo26n,1.651,52.64,0.299,54.855,6,0.8396,0.0,50.0
941,yolo26n,1.618,52.478,0.264,54.614,6,0.8376,0.0,52.3
942,yolo26n,1.606,50.876,0.262,52.994,6,0.7971,0.0,51.2
943,yolo26n,1.583,51.523,0.269,53.622,6,0.8415,0.0,51.2
944,yolo26n,1.6,51.8,0.268,53.919,7,0.8059,0.0,52.3
945,yolo26n,1.611,52.696,0.282,54.836,8,0.7683,0.0,51.1
946,yolo26n,2.115,52.767,0.281,55.505,9,0.7075,0.0,51.1
947,yolo26n,1.614,53.652,0.277,55.809,11,0.6238,0.0,51.1
948,yolo26n,1.606,54.863,0.312,57.056,10,0.6626,0.0,56.5
949,yolo26n,1.66,66.029,0.281,68.305,11,0.6377,0.0,64.3
950,yolo26n,1.645,52.838,0.277,55.022,10,0.6262,0.0,51.1
951,yolo26n,1.817,55.671,0.278,58.028,11,0.6325,0.0,54.3
952,yolo26n,1.629,53.153,0.28,55.339,10,0.659,0.0,52.2
953,yolo26n,1.616,52.174,0.261,54.308,11,0.6595,0.0,51.2
954,yolo26n,1.841,59.886,0.271,62.29,9,0.7583,0.0,51.9
955,yolo26n,1.564,51.705,0.269,53.8,10,0.7473,0.0,51.2
956,yolo26n,1.592,50.779,0.261,52.884,11,0.708,0.0,51.2
957,yolo26n,1.576,51.569,0.262,53.661,11,0.6567,0.0,51.1
958,yolo26n,1.625,51.144,0.27,53.289,10,0.7479,0.0,51.2
959,yolo26n,1.567,51.341,0.278,53.436,12,0.6654,0.0,52.3
960,yolo26n,1.587,51.12,0.261,53.22,11,0.7015,0.0,51.2
961,yolo26n,1.572,51.941,0.261,54.021,12,0.6782,0.0,52.3
962,yolo26n,2.065,52.4,0.279,55.073,11,0.7401,0.0,51.1
963,yolo26n,1.619,52.966,0.28,55.144,12,0.6736,0.0,52.3
964,yolo26n,1.636,54.559,0.287,56.762,11,0.701,0.0,53.2
965,yolo26n,2.183,55.872,0.269,58.677,10,0.7682,0.0,57.4
966,yolo26n,1.598,51.012,0.268,53.142,11,0.7181,0.0,51.2
967,yolo26n,1.582,53.493,0.273,55.596,10,0.6965,0.0,52.2
968,yolo26n,1.632,52.846,0.28,55.024,12,0.608,0.0,51.1
969,yolo26n,1.635,53.114,0.272,55.279,12,0.6226,0.0,51.1
970,yolo26n,2.127,52.784,0.277,55.537,11,0.7146,0.0,51.1
971,yolo26n,1.613,52.566,0.262,54.696,11,0.6787,0.0,51.1
972,yolo26n,1.604,51.758,0.277,53.89,11,0.7015,0.0,52.3
973,yolo26n,1.598,51.466,0.261,53.576,11,0.6938,0.0,52.3
974,yolo26n,1.596,50.745,0.265,52.87,10,0.6753,0.0,50.0
975,yolo26n,1.569,52.024,0.279,54.134,10,0.671,0.0,52.3
976,yolo26n,1.642,52.85,0.273,55.034,11,0.615,0.0,51.1
977,yolo26n,1.615,53.529,0.271,55.684,11,0.6516,0.0,51.1
978,yolo26n,2.136,51.015,0.261,53.761,14,0.5683,0.0,51.2
979,yolo26n,1.571,51.802,0.268,53.886,8,0.7613,0.0,52.3
980,yolo26n,1.586,51.165,0.269,53.274,9,0.77,0.0,51.2
981,yolo26n,1.559,52.675,0.276,54.768,8,0.8062,0.0,51.1
982,yolo26n,1.701,53.352,0.286,55.603,9,0.7492,0.0,52.2
983,yolo26n,1.622,55.176,0.277,57.333,9,0.7379,0.0,54.3
984,yolo26n,1.643,52.844,0.266,55.012,9,0.7359,0.0,51.1
985,yolo26n,1.592,51.883,0.399,54.128,10,0.6713,0.0,52.3
986,yolo26n,2.06,51.142,0.266,53.827,8,0.7176,0.0,51.2
987,yolo26n,1.572,51.835,0.443,54.149,8,0.6795,0.0,53.3
988,yolo26n,1.638,53.186,0.368,55.552,8,0.6868,0.0,53.3
989,yolo26n,1.682,53.694,0.281,55.938,10,0.6466,0.0,52.2
990,yolo26n,1.667,52.865,0.293,55.1,8,0.7813,0.0,50.0
991,yolo26n,1.624,53.005,0.276,55.163,8,0.8035,0.0,51.1
992,yolo26n,1.645,52.693,0.276,54.874,9,0.7355,0.0,53.3
993,yolo26n,1.627,55.063,0.278,57.232,10,0.7013,0.0,52.2
994,yolo26n,2.114,53.129,0.279,55.878,9,0.7429,0.0,51.1
995,yolo26n,1.647,53.0,0.281,55.202,10,0.6945,0.0,52.3
996,yolo26n,1.634,53.003,0.286,55.194,8,0.7945,0.0,52.2
997,yolo26n,1.625,53.438,0.275,55.603,8,0.7959,0.0,51.1
998,yolo26n,1.628,53.218,0.265,55.371,8,0.7548,0.0,51.1
999,yolo26n,1.609,51.778,0.261,53.895,10,0.6007,0.0,52.3
